<?xml version="1.0" encoding="UTF-8"?>
<project-private xmlns="http://www.netbeans.org/ns/project-private/1">
    <editor-bookmarks xmlns="http://www.netbeans.org/ns/editor-bookmarks/2" lastBookmarkId="0"/>
    <open-files xmlns="http://www.netbeans.org/ns/projectui-open-files/2">
        <group>
            <file>file:/C:/Users/Student/Desktop/ИС%2013/Zakharov%20S.M_4/src/razdel3/zadanie29.java</file>
            <file>file:/C:/Users/Student/Desktop/ИС%2013/Zakharov%20S.M_4/src/razdel1/zadanie54.java</file>
            <file>file:/C:/Users/Student/Desktop/ИС%2013/Zakharov%20S.M_4/src/razdel3/zadanie54.java</file>
            <file>file:/C:/Users/Student/Desktop/ИС%2013/Zakharov%20S.M_4/src/razdel3/zadanie4.java</file>
            <file>file:/C:/Users/Student/Desktop/ИС%2013/Zakharov%20S.M_4/src/razdel5/zadanie54.java</file>
            <file>file:/C:/Users/Student/Desktop/ИС%2013/Zakharov%20S.M_4/src/razdel2/zadanie4.java</file>
            <file>file:/C:/Users/Student/Desktop/ИС%2013/Zakharov%20S.M_4/src/razdel2/zadanie29.java</file>
            <file>file:/C:/Users/Student/Desktop/ИС%2013/Zakharov%20S.M_4/src/razdel1/zadanie4.java</file>
            <file>file:/C:/Users/Student/Desktop/ИС%2013/Zakharov%20S.M_4/src/razdel2/zadanie54.java</file>
            <file>file:/C:/Users/Student/Desktop/ИС%2013/Zakharov%20S.M_4/src/razdel4/zadanie29.java</file>
            <file>file:/C:/Users/Student/Desktop/ИС%2013/Zakharov%20S.M_4/src/razdel4/zadanie54.java</file>
            <file>file:/C:/Users/Student/Desktop/ИС%2013/Zakharov%20S.M_4/src/razdel4/zadanie4.java</file>
            <file>file:/C:/Users/Student/Desktop/ИС%2013/Zakharov%20S.M_4/src/razdel5/zadanie29.java</file>
            <file>file:/C:/Users/Student/Desktop/ИС%2013/Zakharov%20S.M_4/src/razdel5/zadanie4.java</file>
            <file>file:/C:/Users/Student/Desktop/ИС%2013/Zakharov%20S.M_4/src/razdel1/zadanie29.java</file>
            <file>file:/C:/Users/Student/Desktop/ИС%2013/Zakharov%20S.M_4/src/zakharov/s/m_4/ZakharovSM_4.java</file>
        </group>
    </open-files>
</project-private>
